Tarih/Saat, Trafik Işığı, Araç Durumu, Hız (km/h), Raycast Mesafesi (m)
Tarih/Saat, Trafik Işığı, Araç Durumu, Hız (km/h), Raycast Mesafesi (m)
Tarih/Saat, Trafik Işığı, Araç Durumu, Hız (km/h), Raycast Mesafesi (m)
Tarih/Saat, Trafik Işığı, Araç Durumu, Hız (km/h), Raycast Mesafesi (m)
Tarih/Saat, Trafik Işığı, Araç Durumu, Hız (km/h), Raycast Mesafesi (m)
Tarih/Saat, Trafik Işığı, Araç Durumu, Hız (km/h), Raycast Mesafesi (m)
Tarih/Saat, Trafik Işığı, Araç Durumu, Hız (km/h), Raycast Mesafesi (m)
3.12.2024 12:44:37,Kırmızı,Durdu,10,1,728214
3.12.2024 12:44:37,Kırmızı,Durdu,9,899372,1,617526
3.12.2024 12:44:38,Kırmızı,Durdu,9,472421,1,168163
3.12.2024 12:44:38,Kırmızı,Durdu,9,212502,0,9021105
3.12.2024 12:44:38,Kırmızı,Durdu,9,084038,0,7724489
3.12.2024 12:44:38,Kırmızı,Durdu,8,974535,0,6632568
3.12.2024 12:44:38,Kırmızı,Durdu,8,886768,0,5765945
3.12.2024 12:44:38,Kırmızı,Durdu,8,794553,0,4864838
3.12.2024 12:44:38,Kırmızı,Durdu,8,698385,0,3935426
3.12.2024 12:44:38,Kırmızı,Durdu,8,593568,0,2934601
3.12.2024 12:44:38,Kırmızı,Durdu,8,480564,0,1869766
3.12.2024 12:44:38,Kırmızı,Durdu,8,37881,0,09224246
3.12.2024 12:44:38,Kırmızı,Durdu,8,280448,0,001742542
Tarih/Saat, Trafik Işığı, Araç Durumu, Hız (km/h), Raycast Mesafesi (m)
Tarih/Saat, Trafik Işığı, Araç Durumu, Hız (km/h), Raycast Mesafesi (m)
3.12.2024 12:46:46,Kırmızı,Durdu,10,16,91133
3.12.2024 12:46:46,Kırmızı,Durdu,9,920321,16,82349
3.12.2024 12:46:46,Kırmızı,Durdu,9,724223,16,61158
3.12.2024 12:46:46,Kırmızı,Durdu,9,625973,16,50647
3.12.2024 12:46:46,Kırmızı,Durdu,9,518971,16,39328
3.12.2024 12:46:46,Kırmızı,Durdu,9,403975,16,27311
3.12.2024 12:46:46,Kırmızı,Durdu,9,30683,16,17264
3.12.2024 12:46:46,Kırmızı,Durdu,9,201296,16,06473
3.12.2024 12:46:46,Kırmızı,Durdu,9,096758,15,95905
3.12.2024 12:46:46,Kırmızı,Durdu,8,995589,15,85792
3.12.2024 12:46:46,Kırmızı,Durdu,8,890561,15,75416
3.12.2024 12:46:46,Kırmızı,Durdu,8,78816,15,65415
3.12.2024 12:46:46,Kırmızı,Durdu,8,692084,15,56135
3.12.2024 12:46:46,Kırmızı,Durdu,8,581215,15,45563
3.12.2024 12:46:46,Kırmızı,Durdu,8,462591,15,34408
3.12.2024 12:46:46,Kırmızı,Durdu,8,346182,15,23611
3.12.2024 12:46:46,Kırmızı,Durdu,8,236279,15,13552
3.12.2024 12:46:46,Kırmızı,Durdu,8,129552,15,03911
3.12.2024 12:46:46,Kırmızı,Durdu,8,016843,14,9387
3.12.2024 12:46:46,Kırmızı,Durdu,7,923145,14,85621
3.12.2024 12:46:47,Kırmızı,Durdu,7,83488,14,77936
3.12.2024 12:46:47,Kırmızı,Durdu,7,736392,14,69469
3.12.2024 12:46:47,Kırmızı,Durdu,7,648949,14,62037
3.12.2024 12:46:47,Kırmızı,Durdu,7,547407,14,53521
3.12.2024 12:46:47,Kırmızı,Durdu,7,455386,14,45898
3.12.2024 12:46:47,Kırmızı,Durdu,7,354408,14,37646
3.12.2024 12:46:47,Kırmızı,Durdu,7,265737,14,30487
3.12.2024 12:46:47,Kırmızı,Durdu,7,165329,14,22492
3.12.2024 12:46:47,Kırmızı,Durdu,7,067009,14,14772
3.12.2024 12:46:47,Kırmızı,Durdu,6,961787,14,06632
3.12.2024 12:46:47,Kırmızı,Durdu,6,863585,13,99143
3.12.2024 12:46:47,Kırmızı,Durdu,6,753489,13,90881
3.12.2024 12:46:47,Kırmızı,Durdu,6,547733,13,75911
3.12.2024 12:46:47,Kırmızı,Durdu,6,397076,13,65202
3.12.2024 12:46:47,Kırmızı,Durdu,6,107988,13,45581
3.12.2024 12:46:47,Kırmızı,Durdu,5,97378,13,36673
3.12.2024 12:46:47,Kırmızı,Durdu,5,865157,13,29594
3.12.2024 12:46:47,Kırmızı,Durdu,5,76548,13,23208
3.12.2024 12:46:47,Kırmızı,Durdu,5,665831,13,16935
3.12.2024 12:46:47,Kırmızı,Durdu,5,567239,13,10836
3.12.2024 12:46:47,Kırmızı,Durdu,5,469597,13,04901
3.12.2024 12:46:47,Kırmızı,Durdu,5,359574,12,98349
3.12.2024 12:46:47,Kırmızı,Durdu,5,269109,12,93052
3.12.2024 12:46:47,Kırmızı,Durdu,5,160644,12,86833
3.12.2024 12:46:47,Kırmızı,Durdu,5,060698,12,81213
3.12.2024 12:46:47,Kırmızı,Durdu,4,957873,12,75549
3.12.2024 12:46:47,Kırmızı,Durdu,4,835598,12,68979
3.12.2024 12:46:47,Kırmızı,Durdu,4,693673,12,61576
3.12.2024 12:46:47,Kırmızı,Durdu,4,569804,12,55286
3.12.2024 12:46:47,Kırmızı,Durdu,4,446672,12,49203
3.12.2024 12:46:47,Kırmızı,Durdu,4,342489,12,44175
3.12.2024 12:46:47,Kırmızı,Durdu,4,23848,12,39277
3.12.2024 12:46:47,Kırmızı,Durdu,4,144675,12,34957
3.12.2024 12:46:47,Kırmızı,Durdu,4,048631,12,30637
3.12.2024 12:46:47,Kırmızı,Durdu,3,929676,12,25442
3.12.2024 12:46:47,Kırmızı,Durdu,3,826413,12,21052
3.12.2024 12:46:47,Kırmızı,Durdu,3,726735,12,16925
3.12.2024 12:46:47,Kırmızı,Durdu,3,62043,12,12648
3.12.2024 12:46:47,Kırmızı,Durdu,3,514464,12,0851
3.12.2024 12:46:47,Kırmızı,Durdu,3,399614,12,04172
3.12.2024 12:46:47,Kırmızı,Durdu,3,306916,12,00766
3.12.2024 12:46:47,Kırmızı,Durdu,3,194247,11,96768
3.12.2024 12:46:47,Kırmızı,Durdu,3,08644,11,9307
3.12.2024 12:46:47,Kırmızı,Durdu,2,979648,11,89535
3.12.2024 12:46:47,Kırmızı,Durdu,2,847326,11,85348
3.12.2024 12:46:47,Kırmızı,Durdu,2,745749,11,82249
3.12.2024 12:46:47,Kırmızı,Durdu,2,634971,11,79006
3.12.2024 12:46:47,Kırmızı,Durdu,2,54036,11,76335
3.12.2024 12:46:47,Kırmızı,Durdu,2,449344,11,73858
3.12.2024 12:46:47,Kırmızı,Durdu,2,350724,11,71282
3.12.2024 12:46:47,Kırmızı,Durdu,2,256794,11,68927
3.12.2024 12:46:47,Kırmızı,Durdu,2,137454,11,66093
3.12.2024 12:46:47,Kırmızı,Durdu,2,015774,11,63368
3.12.2024 12:46:47,Kırmızı,Durdu,1,919809,11,6132
3.12.2024 12:46:47,Kırmızı,Durdu,1,826445,11,59426
3.12.2024 12:46:47,Kırmızı,Durdu,1,733523,11,57636
3.12.2024 12:46:47,Kırmızı,Durdu,1,63736,11,55887
3.12.2024 12:46:47,Kırmızı,Durdu,1,530421,11,54069
3.12.2024 12:46:47,Kırmızı,Durdu,1,436702,11,52573
3.12.2024 12:46:47,Kırmızı,Durdu,1,34683,11,51227
3.12.2024 12:46:47,Kırmızı,Durdu,1,252131,11,4991
3.12.2024 12:46:47,Kırmızı,Durdu,1,15546,11,48668
3.12.2024 12:46:47,Kırmızı,Durdu,1,042768,11,47363
3.12.2024 12:46:47,Kırmızı,Durdu,0,9417831,11,46306
3.12.2024 12:46:47,Kırmızı,Durdu,0,8342592,11,4531
3.12.2024 12:46:47,Kırmızı,Durdu,0,7444581,11,44567
3.12.2024 12:46:47,Kırmızı,Durdu,0,6563049,11,43924
3.12.2024 12:46:47,Kırmızı,Durdu,0,570462,11,43379
3.12.2024 12:46:47,Kırmızı,Durdu,0,482523,11,42908
3.12.2024 12:46:47,Kırmızı,Durdu,0,4005285,11,42543
3.12.2024 12:46:47,Kırmızı,Durdu,0,3101685,11,42232
3.12.2024 12:46:47,Kırmızı,Durdu,0,2312277,11,42029
3.12.2024 12:46:47,Kırmızı,Durdu,0,1384908,11,41886
3.12.2024 12:46:47,Kırmızı,Durdu,0,0356604,11,41846
3.12.2024 12:46:47,Kırmızı,Durdu,0,11,41846
3.12.2024 12:46:47,Kırmızı,Durdu,0,11,41846
3.12.2024 12:46:47,Kırmızı,Durdu,0,11,41846
3.12.2024 12:46:47,Kırmızı,Durdu,0,11,41846
3.12.2024 12:46:47,Kırmızı,Durdu,0,11,41846
3.12.2024 12:46:47,Kırmızı,Durdu,0,11,41846
3.12.2024 12:46:47,Kırmızı,Durdu,0,11,41846
3.12.2024 12:46:47,Kırmızı,Durdu,0,11,41846
3.12.2024 12:46:48,Kırmızı,Durdu,0,11,41846
3.12.2024 12:46:48,Kırmızı,Durdu,0,11,41846
3.12.2024 12:46:48,Kırmızı,Durdu,0,11,41846
3.12.2024 12:46:48,Kırmızı,Durdu,0,11,41846
3.12.2024 12:46:48,Kırmızı,Durdu,0,11,41846
3.12.2024 12:46:48,Kırmızı,Durdu,0,11,41846
3.12.2024 12:46:48,Kırmızı,Durdu,0,11,41846
3.12.2024 12:46:48,Kırmızı,Durdu,0,11,41846
3.12.2024 12:46:48,Kırmızı,Durdu,0,11,41846
3.12.2024 12:46:48,Kırmızı,Durdu,0,11,41846
3.12.2024 12:46:48,Kırmızı,Durdu,0,11,41846
3.12.2024 12:46:48,Kırmızı,Durdu,0,11,41846
3.12.2024 12:46:48,Kırmızı,Durdu,0,11,41846
3.12.2024 12:46:48,Kırmızı,Durdu,0,11,41846
3.12.2024 12:46:48,Kırmızı,Durdu,0,11,41846
3.12.2024 12:46:48,Kırmızı,Durdu,0,11,41846
3.12.2024 12:46:48,Kırmızı,Durdu,0,11,41846
3.12.2024 12:46:48,Kırmızı,Durdu,0,11,41846
3.12.2024 12:46:48,Kırmızı,Durdu,0,11,41845
3.12.2024 12:46:48,Kırmızı,Durdu,0,11,41845
3.12.2024 12:46:48,Kırmızı,Durdu,0,11,41846
3.12.2024 12:46:48,Kırmızı,Durdu,0,11,41846
3.12.2024 12:46:48,Kırmızı,Durdu,0,11,41846
3.12.2024 12:46:48,Kırmızı,Durdu,0,11,41846
3.12.2024 12:46:48,Kırmızı,Durdu,0,11,41845
3.12.2024 12:46:48,Kırmızı,Durdu,0,11,41845
3.12.2024 12:46:48,Kırmızı,Durdu,0,11,41845
3.12.2024 12:46:48,Kırmızı,Durdu,0,11,41845
3.12.2024 12:46:48,Kırmızı,Durdu,0,11,41845
3.12.2024 12:46:48,Kırmızı,Durdu,0,11,41845
3.12.2024 12:46:48,Kırmızı,Durdu,0,11,41845
3.12.2024 12:46:48,Kırmızı,Durdu,0,11,41845
3.12.2024 12:46:48,Kırmızı,Durdu,0,11,41845
3.12.2024 12:46:48,Kırmızı,Durdu,0,11,41845
3.12.2024 12:46:48,Kırmızı,Durdu,0,11,41845
3.12.2024 12:46:48,Kırmızı,Durdu,0,11,41845
3.12.2024 12:46:48,Kırmızı,Durdu,0,11,41845
3.12.2024 12:46:48,Kırmızı,Durdu,0,11,41845
3.12.2024 12:46:48,Kırmızı,Durdu,0,11,41845
3.12.2024 12:46:48,Kırmızı,Durdu,0,11,41845
3.12.2024 12:46:48,Kırmızı,Durdu,0,11,41845
3.12.2024 12:46:48,Kırmızı,Durdu,0,11,41845
3.12.2024 12:46:48,Kırmızı,Durdu,0,11,41845
3.12.2024 12:46:48,Kırmızı,Durdu,0,11,41845
3.12.2024 12:46:48,Kırmızı,Durdu,0,11,41845
3.12.2024 12:46:48,Kırmızı,Durdu,0,11,41845
3.12.2024 12:46:48,Kırmızı,Durdu,0,11,41845
3.12.2024 12:46:48,Kırmızı,Durdu,0,11,41845
3.12.2024 12:46:48,Kırmızı,Durdu,0,11,41845
3.12.2024 12:46:48,Kırmızı,Durdu,0,11,41845
3.12.2024 12:46:48,Kırmızı,Durdu,0,11,41845
3.12.2024 12:46:48,Kırmızı,Durdu,0,11,41845
3.12.2024 12:46:48,Kırmızı,Durdu,0,11,41845
3.12.2024 12:46:48,Kırmızı,Durdu,0,11,41845
3.12.2024 12:46:48,Kırmızı,Durdu,0,11,41845
3.12.2024 12:46:48,Kırmızı,Durdu,0,11,41845
3.12.2024 12:46:48,Kırmızı,Durdu,0,11,41845
3.12.2024 12:46:48,Kırmızı,Durdu,0,11,41845
3.12.2024 12:46:48,Kırmızı,Durdu,0,11,41845
3.12.2024 12:46:48,Kırmızı,Durdu,0,11,41845
3.12.2024 12:46:48,Kırmızı,Durdu,0,11,41845
3.12.2024 12:46:48,Kırmızı,Durdu,0,11,41845
3.12.2024 12:46:48,Kırmızı,Durdu,0,11,41845
3.12.2024 12:46:48,Kırmızı,Durdu,0,11,41845
3.12.2024 12:46:48,Kırmızı,Durdu,0,11,41845
3.12.2024 12:46:48,Kırmızı,Durdu,0,11,41845
3.12.2024 12:46:48,Kırmızı,Durdu,0,11,41845
3.12.2024 12:46:48,Kırmızı,Durdu,0,11,41845
3.12.2024 12:46:48,Kırmızı,Durdu,0,11,41845
3.12.2024 12:46:48,Kırmızı,Durdu,0,11,41845
3.12.2024 12:46:48,Kırmızı,Durdu,0,11,41845
3.12.2024 12:46:48,Kırmızı,Durdu,0,11,41845
3.12.2024 12:46:48,Kırmızı,Durdu,0,11,41845
3.12.2024 12:46:48,Kırmızı,Durdu,0,11,41845
3.12.2024 12:46:48,Kırmızı,Durdu,0,11,41845
3.12.2024 12:46:48,Kırmızı,Durdu,0,11,41845
3.12.2024 12:46:48,Kırmızı,Durdu,0,11,41845
3.12.2024 12:46:48,Kırmızı,Durdu,0,11,41845
3.12.2024 12:46:48,Kırmızı,Durdu,0,11,41845
3.12.2024 12:46:48,Kırmızı,Durdu,0,11,41845
3.12.2024 12:46:48,Kırmızı,Durdu,0,11,41845
3.12.2024 12:46:48,Kırmızı,Durdu,0,11,41845
3.12.2024 12:46:48,Kırmızı,Durdu,0,11,41845
3.12.2024 12:46:48,Kırmızı,Durdu,0,11,41845
3.12.2024 12:46:48,Kırmızı,Durdu,0,11,41845
3.12.2024 12:46:48,Kırmızı,Durdu,0,11,41845
3.12.2024 12:46:48,Kırmızı,Durdu,0,11,41845
3.12.2024 12:46:48,Kırmızı,Durdu,0,11,41845
3.12.2024 12:46:49,Kırmızı,Durdu,0,11,41845
3.12.2024 12:46:49,Kırmızı,Durdu,0,11,41845
3.12.2024 12:46:49,Kırmızı,Durdu,0,11,41845
3.12.2024 12:46:49,Kırmızı,Durdu,0,11,41845
3.12.2024 12:46:49,Kırmızı,Durdu,0,11,41845
3.12.2024 12:46:49,Kırmızı,Durdu,0,11,41845
3.12.2024 12:46:49,Kırmızı,Durdu,0,11,41845
3.12.2024 12:46:49,Kırmızı,Durdu,0,11,41845
3.12.2024 12:46:49,Kırmızı,Durdu,0,11,41845
3.12.2024 12:46:49,Kırmızı,Durdu,0,11,41845
3.12.2024 12:46:49,Kırmızı,Durdu,0,11,41845
3.12.2024 12:46:49,Kırmızı,Durdu,0,11,41845
3.12.2024 12:46:49,Kırmızı,Durdu,0,11,41845
3.12.2024 12:46:49,Kırmızı,Durdu,0,11,41845
3.12.2024 12:46:49,Kırmızı,Durdu,0,11,41845
3.12.2024 12:46:49,Kırmızı,Durdu,0,11,41845
3.12.2024 12:46:49,Kırmızı,Durdu,0,11,41845
3.12.2024 12:46:49,Kırmızı,Durdu,0,11,41845
3.12.2024 12:46:49,Kırmızı,Durdu,0,11,41845
3.12.2024 12:46:49,Kırmızı,Durdu,0,11,41845
3.12.2024 12:46:49,Kırmızı,Durdu,0,11,41845
3.12.2024 12:46:49,Kırmızı,Durdu,0,11,41845
3.12.2024 12:46:49,Kırmızı,Durdu,0,11,41845
3.12.2024 12:46:49,Kırmızı,Durdu,0,11,41845
3.12.2024 12:46:49,Kırmızı,Durdu,0,11,41845
3.12.2024 12:46:49,Kırmızı,Durdu,0,11,41845
3.12.2024 12:46:49,Kırmızı,Durdu,0,11,41845
3.12.2024 12:46:49,Kırmızı,Durdu,0,11,41845
3.12.2024 12:46:49,Kırmızı,Durdu,0,11,41845
3.12.2024 12:46:49,Kırmızı,Durdu,0,11,41845
3.12.2024 12:46:49,Kırmızı,Durdu,0,11,41845
3.12.2024 12:46:49,Kırmızı,Durdu,0,11,41845
3.12.2024 12:46:49,Kırmızı,Durdu,0,11,41845
3.12.2024 12:46:49,Kırmızı,Durdu,0,11,41845
3.12.2024 12:46:49,Kırmızı,Durdu,0,11,41845
3.12.2024 12:46:49,Kırmızı,Durdu,0,11,41845
3.12.2024 12:46:49,Kırmızı,Durdu,0,11,41845
3.12.2024 12:46:49,Kırmızı,Durdu,0,11,41845
3.12.2024 12:46:49,Kırmızı,Durdu,0,11,41845
3.12.2024 12:46:49,Kırmızı,Durdu,0,11,41845
3.12.2024 12:46:49,Kırmızı,Durdu,0,11,41845
3.12.2024 12:46:49,Kırmızı,Durdu,0,11,41845
3.12.2024 12:46:49,Kırmızı,Durdu,0,11,41845
3.12.2024 12:46:49,Kırmızı,Durdu,0,11,41845
3.12.2024 12:46:49,Kırmızı,Durdu,0,11,41845
3.12.2024 12:46:49,Kırmızı,Durdu,0,11,41845
3.12.2024 12:46:49,Kırmızı,Durdu,0,11,41845
3.12.2024 12:46:49,Kırmızı,Durdu,0,11,41845
3.12.2024 12:46:49,Kırmızı,Durdu,0,11,41845
3.12.2024 12:46:49,Kırmızı,Durdu,0,11,41845
3.12.2024 12:46:49,Kırmızı,Durdu,0,11,41845
3.12.2024 12:46:49,Kırmızı,Durdu,0,11,41845
3.12.2024 12:46:49,Kırmızı,Durdu,0,11,41845
3.12.2024 12:46:49,Kırmızı,Durdu,0,11,41845
3.12.2024 12:46:49,Kırmızı,Durdu,0,11,41845
3.12.2024 12:46:49,Kırmızı,Durdu,0,11,41845
3.12.2024 12:46:49,Kırmızı,Durdu,0,11,41845
3.12.2024 12:46:49,Kırmızı,Durdu,0,11,41845
3.12.2024 12:46:49,Kırmızı,Durdu,0,11,41845
3.12.2024 12:46:49,Kırmızı,Durdu,0,11,41845
3.12.2024 12:46:49,Kırmızı,Durdu,0,11,41845
3.12.2024 12:46:49,Kırmızı,Durdu,0,11,41845
3.12.2024 12:46:49,Kırmızı,Durdu,0,11,41845
3.12.2024 12:46:49,Kırmızı,Durdu,0,11,41845
3.12.2024 12:46:49,Kırmızı,Durdu,0,11,41845
3.12.2024 12:46:49,Kırmızı,Durdu,0,11,41845
3.12.2024 12:46:49,Kırmızı,Durdu,0,11,41845
3.12.2024 12:46:49,Kırmızı,Durdu,0,11,41845
3.12.2024 12:46:49,Kırmızı,Durdu,0,11,41845
3.12.2024 12:46:49,Kırmızı,Durdu,0,11,41845
3.12.2024 12:46:49,Kırmızı,Durdu,0,11,41845
3.12.2024 12:46:49,Kırmızı,Durdu,0,11,41845
3.12.2024 12:46:49,Kırmızı,Durdu,0,11,41845
3.12.2024 12:46:49,Kırmızı,Durdu,0,11,41845
3.12.2024 12:46:49,Kırmızı,Durdu,0,11,41845
3.12.2024 12:46:49,Kırmızı,Durdu,0,11,41845
3.12.2024 12:46:49,Kırmızı,Durdu,0,11,41845
3.12.2024 12:46:49,Kırmızı,Durdu,0,11,41845
3.12.2024 12:46:49,Kırmızı,Durdu,0,11,41845
3.12.2024 12:46:49,Kırmızı,Durdu,0,11,41845
3.12.2024 12:46:49,Kırmızı,Durdu,0,11,41845
3.12.2024 12:46:49,Kırmızı,Durdu,0,11,41845
3.12.2024 12:46:49,Kırmızı,Durdu,0,11,41845
3.12.2024 12:46:49,Kırmızı,Durdu,0,11,41845
3.12.2024 12:46:49,Kırmızı,Durdu,0,11,41845
3.12.2024 12:46:49,Kırmızı,Durdu,0,11,41845
3.12.2024 12:46:49,Kırmızı,Durdu,0,11,41845
3.12.2024 12:46:49,Kırmızı,Durdu,0,11,41845
3.12.2024 12:46:49,Kırmızı,Durdu,0,11,41845
3.12.2024 12:46:49,Kırmızı,Durdu,0,11,41845
3.12.2024 12:46:50,Kırmızı,Durdu,0,11,41845
3.12.2024 12:46:50,Kırmızı,Durdu,0,11,41845
3.12.2024 12:46:50,Kırmızı,Durdu,0,11,41845
3.12.2024 12:46:50,Kırmızı,Durdu,0,11,41845
3.12.2024 12:46:50,Kırmızı,Durdu,0,11,41845
3.12.2024 12:46:50,Kırmızı,Durdu,0,11,41845
3.12.2024 12:46:50,Kırmızı,Durdu,0,11,41845
3.12.2024 12:46:50,Kırmızı,Durdu,0,11,41845
3.12.2024 12:46:50,Kırmızı,Durdu,0,11,41845
3.12.2024 12:46:50,Kırmızı,Durdu,0,11,41845
3.12.2024 12:46:50,Kırmızı,Durdu,0,11,41845
3.12.2024 12:46:50,Kırmızı,Durdu,0,11,41845
3.12.2024 12:46:50,Kırmızı,Durdu,0,11,41845
3.12.2024 12:46:50,Kırmızı,Durdu,0,11,41845
3.12.2024 12:46:50,Kırmızı,Durdu,0,11,41845
3.12.2024 12:46:50,Kırmızı,Durdu,0,11,41845
3.12.2024 12:46:50,Kırmızı,Durdu,0,11,41845
3.12.2024 12:46:50,Kırmızı,Durdu,0,11,41845
3.12.2024 12:46:50,Kırmızı,Durdu,0,11,41845
3.12.2024 12:46:50,Kırmızı,Durdu,0,11,41845
3.12.2024 12:46:50,Kırmızı,Durdu,0,11,41845
3.12.2024 12:46:50,Kırmızı,Durdu,0,11,41845
3.12.2024 12:46:50,Kırmızı,Durdu,0,11,41845
3.12.2024 12:46:50,Kırmızı,Durdu,0,11,41845
3.12.2024 12:46:50,Kırmızı,Durdu,0,11,41845
3.12.2024 12:46:50,Kırmızı,Durdu,0,11,41845
3.12.2024 12:46:50,Kırmızı,Durdu,0,11,41845
3.12.2024 12:46:50,Kırmızı,Durdu,0,11,41845
3.12.2024 12:46:50,Kırmızı,Durdu,0,11,41845
3.12.2024 12:46:50,Kırmızı,Durdu,0,11,41845
3.12.2024 12:46:50,Kırmızı,Durdu,0,11,41845
3.12.2024 12:46:50,Kırmızı,Durdu,0,11,41845
3.12.2024 12:46:50,Kırmızı,Durdu,0,11,41845
3.12.2024 12:46:50,Kırmızı,Durdu,0,11,41845
3.12.2024 12:46:50,Kırmızı,Durdu,0,11,41845
3.12.2024 12:46:50,Kırmızı,Durdu,0,11,41845
3.12.2024 12:46:50,Kırmızı,Durdu,0,11,41845
3.12.2024 12:46:50,Kırmızı,Durdu,0,11,41845
3.12.2024 12:46:50,Kırmızı,Durdu,0,11,41845
3.12.2024 12:46:50,Kırmızı,Durdu,0,11,41845
3.12.2024 12:46:50,Kırmızı,Durdu,0,11,41845
3.12.2024 12:46:50,Kırmızı,Durdu,0,11,41845
3.12.2024 12:46:50,Kırmızı,Durdu,0,11,41845
3.12.2024 12:46:50,Kırmızı,Durdu,0,11,41845
3.12.2024 12:46:50,Kırmızı,Durdu,0,11,41845
3.12.2024 12:46:50,Kırmızı,Durdu,0,11,41845
3.12.2024 12:46:50,Kırmızı,Durdu,0,11,41845
3.12.2024 12:46:50,Kırmızı,Durdu,0,11,41845
3.12.2024 12:46:50,Kırmızı,Durdu,0,11,41845
3.12.2024 12:46:50,Kırmızı,Durdu,0,11,41845
3.12.2024 12:46:50,Kırmızı,Durdu,0,11,41845
3.12.2024 12:46:50,Kırmızı,Durdu,0,11,41845
3.12.2024 12:46:50,Kırmızı,Durdu,0,11,41845
3.12.2024 12:46:50,Kırmızı,Durdu,0,11,41845
3.12.2024 12:46:50,Kırmızı,Durdu,0,11,41845
3.12.2024 12:46:50,Kırmızı,Durdu,0,11,41845
3.12.2024 12:46:50,Kırmızı,Durdu,0,11,41845
3.12.2024 12:46:50,Kırmızı,Durdu,0,11,41845
3.12.2024 12:46:50,Kırmızı,Durdu,0,11,41845
3.12.2024 12:46:50,Kırmızı,Durdu,0,11,41845
3.12.2024 12:46:50,Kırmızı,Durdu,0,11,41845
3.12.2024 12:46:50,Kırmızı,Durdu,0,11,41845
3.12.2024 12:46:50,Kırmızı,Durdu,0,11,41845
3.12.2024 12:46:50,Kırmızı,Durdu,0,11,41845
3.12.2024 12:46:50,Kırmızı,Durdu,0,11,41845
3.12.2024 12:46:50,Kırmızı,Durdu,0,11,41845
3.12.2024 12:46:50,Kırmızı,Durdu,0,11,41845
3.12.2024 12:46:50,Kırmızı,Durdu,0,11,41845
3.12.2024 12:46:50,Kırmızı,Durdu,0,11,41845
3.12.2024 12:46:50,Kırmızı,Durdu,0,11,41845
3.12.2024 12:46:50,Kırmızı,Durdu,0,11,41845
3.12.2024 12:46:50,Kırmızı,Durdu,0,11,41845
3.12.2024 12:46:50,Kırmızı,Durdu,0,11,41845
3.12.2024 12:46:50,Kırmızı,Durdu,0,11,41845
3.12.2024 12:46:50,Kırmızı,Durdu,0,11,41845
3.12.2024 12:46:50,Kırmızı,Durdu,0,11,41845
3.12.2024 12:46:50,Kırmızı,Durdu,0,11,41845
3.12.2024 12:46:50,Kırmızı,Durdu,0,11,41845
3.12.2024 12:46:50,Kırmızı,Durdu,0,11,41845
3.12.2024 12:46:50,Kırmızı,Durdu,0,11,41845
3.12.2024 12:46:51,Kırmızı,Durdu,0,11,41845
3.12.2024 12:46:51,Kırmızı,Durdu,0,11,41845
3.12.2024 12:46:51,Kırmızı,Durdu,0,11,41845
3.12.2024 12:46:51,Kırmızı,Durdu,0,11,41845
3.12.2024 12:46:51,Kırmızı,Durdu,0,11,41845
3.12.2024 12:46:51,Kırmızı,Durdu,0,11,41845
3.12.2024 12:46:51,Kırmızı,Durdu,0,11,41845
3.12.2024 12:46:51,Kırmızı,Durdu,0,11,41845
3.12.2024 12:46:51,Kırmızı,Durdu,0,11,41845
3.12.2024 12:46:51,Kırmızı,Durdu,0,11,41845
3.12.2024 12:46:51,Kırmızı,Durdu,0,11,41845
3.12.2024 12:46:51,Kırmızı,Durdu,0,11,41845
3.12.2024 12:46:51,Kırmızı,Durdu,0,11,41845
3.12.2024 12:46:51,Kırmızı,Durdu,0,11,41845
3.12.2024 12:46:51,Kırmızı,Durdu,0,11,41845
3.12.2024 12:46:51,Kırmızı,Durdu,0,11,41845
3.12.2024 12:47:03,Kırmızı,Durdu,10,16,96854
3.12.2024 12:47:03,Kırmızı,Durdu,9,937055,16,89904
3.12.2024 12:47:03,Kırmızı,Durdu,9,847047,16,80056
3.12.2024 12:47:03,Kırmızı,Durdu,9,76914,16,716
3.12.2024 12:47:03,Kırmızı,Durdu,9,670916,16,61045
3.12.2024 12:47:03,Kırmızı,Durdu,9,591726,16,52606
3.12.2024 12:47:03,Kırmızı,Durdu,9,512004,16,4418
3.12.2024 12:47:03,Kırmızı,Durdu,9,43515,16,36123
3.12.2024 12:47:03,Kırmızı,Durdu,9,346283,16,26894
3.12.2024 12:47:03,Kırmızı,Durdu,9,266479,16,18677
3.12.2024 12:47:03,Kırmızı,Durdu,9,182859,16,10145
3.12.2024 12:47:03,Kırmızı,Durdu,9,099339,16,01701
3.12.2024 12:47:03,Kırmızı,Durdu,9,014644,15,93218
3.12.2024 12:47:03,Kırmızı,Durdu,8,887936,15,80705
3.12.2024 12:47:03,Kırmızı,Durdu,8,803248,15,72421
3.12.2024 12:47:03,Kırmızı,Durdu,8,721438,15,64494
3.12.2024 12:47:03,Kırmızı,Durdu,8,644549,15,57108
3.12.2024 12:47:03,Kırmızı,Durdu,8,570474,15,50054
3.12.2024 12:47:03,Kırmızı,Durdu,8,495763,15,43001
3.12.2024 12:47:03,Kırmızı,Durdu,8,386651,15,32834
3.12.2024 12:47:03,Kırmızı,Durdu,8,288301,15,23777
3.12.2024 12:47:03,Kırmızı,Durdu,8,202438,15,15951
3.12.2024 12:47:03,Kırmızı,Durdu,8,128614,15,09283
3.12.2024 12:47:03,Kırmızı,Durdu,8,053603,15,02571
3.12.2024 12:47:03,Kırmızı,Durdu,7,97579,14,95675
3.12.2024 12:47:03,Kırmızı,Durdu,7,890491,14,88197
3.12.2024 12:47:03,Kırmızı,Durdu,7,815758,14,81707
3.12.2024 12:47:03,Kırmızı,Durdu,7,741245,14,75298
3.12.2024 12:47:03,Kırmızı,Durdu,7,663472,14,68676
3.12.2024 12:47:03,Kırmızı,Durdu,7,587735,14,6229
3.12.2024 12:47:03,Kırmızı,Durdu,7,513345,14,5608
3.12.2024 12:47:03,Kırmızı,Durdu,7,440089,14,50024
3.12.2024 12:47:03,Kırmızı,Durdu,7,365358,14,43909
3.12.2024 12:47:03,Kırmızı,Durdu,7,288689,14,37699
3.12.2024 12:47:03,Kırmızı,Durdu,7,219456,14,32146
3.12.2024 12:47:03,Kırmızı,Durdu,7,115224,14,23905
3.12.2024 12:47:03,Kırmızı,Durdu,6,991008,14,14256
3.12.2024 12:47:03,Kırmızı,Durdu,6,884222,14,06088
3.12.2024 12:47:03,Kırmızı,Durdu,6,807184,14,00261
3.12.2024 12:47:03,Kırmızı,Durdu,6,738977,13,95154
3.12.2024 12:47:03,Kırmızı,Durdu,6,666374,13,89777
3.12.2024 12:47:03,Kırmızı,Durdu,6,597176,13,84704
3.12.2024 12:47:03,Kırmızı,Durdu,6,528835,13,79747
3.12.2024 12:47:03,Kırmızı,Durdu,6,398196,13,70459
3.12.2024 12:47:03,Kırmızı,Durdu,6,183299,13,55695
3.12.2024 12:47:03,Kırmızı,Durdu,6,109257,13,50669
3.12.2024 12:47:03,Kırmızı,Durdu,6,023079,13,44902
3.12.2024 12:47:03,Kırmızı,Durdu,5,945465,13,39775
3.12.2024 12:47:03,Kırmızı,Durdu,5,879676,13,35477
3.12.2024 12:47:03,Kırmızı,Durdu,5,810806,13,3103
3.12.2024 12:47:03,Kırmızı,Durdu,5,736039,13,26265
3.12.2024 12:47:03,Kırmızı,Durdu,5,621607,13,19117
3.12.2024 12:47:03,Kırmızı,Durdu,5,517543,13,12738
3.12.2024 12:47:03,Kırmızı,Durdu,5,432456,13,07601
3.12.2024 12:47:03,Kırmızı,Durdu,5,351479,13,02787
3.12.2024 12:47:03,Kırmızı,Durdu,5,280618,12,98629
3.12.2024 12:47:03,Kırmızı,Durdu,5,164289,12,91954
3.12.2024 12:47:04,Kırmızı,Durdu,5,082389,12,87329
3.12.2024 12:47:04,Kırmızı,Durdu,5,004429,12,82994
3.12.2024 12:47:04,Kırmızı,Durdu,4,931206,12,78982
3.12.2024 12:47:04,Kırmızı,Durdu,4,853885,12,74812
3.12.2024 12:47:04,Kırmızı,Durdu,4,782699,12,71029
3.12.2024 12:47:04,Kırmızı,Durdu,4,705284,12,66982
3.12.2024 12:47:04,Kırmızı,Durdu,4,628064,12,63011
3.12.2024 12:47:04,Kırmızı,Durdu,4,559036,12,59514
3.12.2024 12:47:04,Kırmızı,Durdu,4,484676,12,55809
3.12.2024 12:47:04,Kırmızı,Durdu,4,402326,12,51781
3.12.2024 12:47:04,Kırmızı,Durdu,4,310962,12,47404
3.12.2024 12:47:04,Kırmızı,Durdu,4,23568,12,43861
3.12.2024 12:47:04,Kırmızı,Durdu,4,160379,12,4038
3.12.2024 12:47:04,Kırmızı,Durdu,4,082357,12,36842
3.12.2024 12:47:04,Kırmızı,Durdu,4,011467,12,33682
3.12.2024 12:47:04,Kırmızı,Durdu,3,937073,12,30428
3.12.2024 12:47:04,Kırmızı,Durdu,3,858874,12,27075
3.12.2024 12:47:04,Kırmızı,Durdu,3,788024,12,24093
3.12.2024 12:47:04,Kırmızı,Durdu,3,712567,12,2098
3.12.2024 12:47:04,Kırmızı,Durdu,3,621927,12,17332
3.12.2024 12:47:04,Kırmızı,Durdu,3,528006,12,13651
3.12.2024 12:47:04,Kırmızı,Durdu,3,443387,12,10413
3.12.2024 12:47:04,Kırmızı,Durdu,3,314198,12,05656
3.12.2024 12:47:04,Kırmızı,Durdu,3,200847,12,01625
3.12.2024 12:47:04,Kırmızı,Durdu,3,096596,11,98038
3.12.2024 12:47:04,Kırmızı,Durdu,2,993135,11,94597
3.12.2024 12:47:04,Kırmızı,Durdu,2,911874,11,91968
3.12.2024 12:47:04,Kırmızı,Durdu,2,818719,11,8905
3.12.2024 12:47:04,Kırmızı,Durdu,2,742879,11,86739
3.12.2024 12:47:04,Kırmızı,Durdu,2,66099,11,84318
3.12.2024 12:47:04,Kırmızı,Durdu,2,583653,11,82098
3.12.2024 12:47:04,Kırmızı,Durdu,2,496791,11,79688
3.12.2024 12:47:04,Kırmızı,Durdu,2,419754,11,77616
3.12.2024 12:47:04,Kırmızı,Durdu,2,335104,11,7542
3.12.2024 12:47:04,Kırmızı,Durdu,2,248447,11,73256
3.12.2024 12:47:04,Kırmızı,Durdu,2,170257,11,7137
3.12.2024 12:47:04,Kırmızı,Durdu,2,087234,11,69445
3.12.2024 12:47:04,Kırmızı,Durdu,2,000765,11,67522
3.12.2024 12:47:04,Kırmızı,Durdu,1,928279,11,65969
3.12.2024 12:47:04,Kırmızı,Durdu,1,858481,11,64528
3.12.2024 12:47:04,Kırmızı,Durdu,1,785787,11,63086
3.12.2024 12:47:04,Kırmızı,Durdu,1,706428,11,61581
3.12.2024 12:47:04,Kırmızı,Durdu,1,622876,11,60075
3.12.2024 12:47:04,Kırmızı,Durdu,1,470999,11,57593
3.12.2024 12:47:04,Kırmızı,Durdu,1,236515,11,54371
3.12.2024 12:47:04,Kırmızı,Durdu,1,144266,11,53198
3.12.2024 12:47:04,Kırmızı,Durdu,1,064431,11,52254
3.12.2024 12:47:04,Kırmızı,Durdu,0,9900665,11,51436
3.12.2024 12:47:04,Kırmızı,Durdu,0,9175418,11,50696
3.12.2024 12:47:04,Kırmızı,Durdu,0,8306333,11,49894
3.12.2024 12:47:04,Kırmızı,Durdu,0,7637561,11,49327
3.12.2024 12:47:04,Kırmızı,Durdu,0,6843563,11,48723
3.12.2024 12:47:04,Kırmızı,Durdu,0,615878,11,48254
3.12.2024 12:47:04,Kırmızı,Durdu,0,5376995,11,47787
3.12.2024 12:47:04,Kırmızı,Durdu,0,4652981,11,47413
3.12.2024 12:47:04,Kırmızı,Durdu,0,3906071,11,47089
3.12.2024 12:47:04,Kırmızı,Durdu,0,3092444,11,46809
3.12.2024 12:47:04,Kırmızı,Durdu,0,2358953,11,46617
3.12.2024 12:47:04,Kırmızı,Durdu,0,1543238,11,46477
3.12.2024 12:47:04,Kırmızı,Durdu,0,08268914,11,46411
3.12.2024 12:47:04,Kırmızı,Durdu,0,004010255,11,46408
3.12.2024 12:47:04,Kırmızı,Durdu,0,11,46408
3.12.2024 12:47:04,Kırmızı,Durdu,0,11,46408
3.12.2024 12:47:04,Kırmızı,Durdu,0,11,46408
3.12.2024 12:47:04,Kırmızı,Durdu,0,11,46408
3.12.2024 12:47:04,Kırmızı,Durdu,0,11,46408
3.12.2024 12:47:04,Kırmızı,Durdu,0,11,46408
3.12.2024 12:47:04,Kırmızı,Durdu,0,11,46408
3.12.2024 12:47:04,Kırmızı,Durdu,0,11,46408
3.12.2024 12:47:04,Kırmızı,Durdu,0,11,46408
3.12.2024 12:47:04,Kırmızı,Durdu,0,11,46408
3.12.2024 12:47:04,Kırmızı,Durdu,0,11,46408
3.12.2024 12:47:04,Kırmızı,Durdu,0,11,46408
3.12.2024 12:47:04,Kırmızı,Durdu,0,11,46408
3.12.2024 12:47:04,Kırmızı,Durdu,0,11,46408
3.12.2024 12:47:04,Kırmızı,Durdu,0,11,46408
3.12.2024 12:47:04,Kırmızı,Durdu,0,11,46408
3.12.2024 12:47:04,Kırmızı,Durdu,0,11,46408
3.12.2024 12:47:04,Kırmızı,Durdu,0,11,46408
3.12.2024 12:47:04,Kırmızı,Durdu,0,11,46408
3.12.2024 12:47:04,Kırmızı,Durdu,0,11,46408
3.12.2024 12:47:04,Kırmızı,Durdu,0,11,46408
3.12.2024 12:47:04,Kırmızı,Durdu,0,11,46408
3.12.2024 12:47:04,Kırmızı,Durdu,0,11,46408
3.12.2024 12:47:04,Kırmızı,Durdu,0,11,46408
3.12.2024 12:47:04,Kırmızı,Durdu,0,11,46408
3.12.2024 12:47:04,Kırmızı,Durdu,0,11,46408
3.12.2024 12:47:04,Kırmızı,Durdu,0,11,46408
3.12.2024 12:47:04,Kırmızı,Durdu,0,11,46408
3.12.2024 12:47:04,Kırmızı,Durdu,0,11,46408
3.12.2024 12:47:04,Kırmızı,Durdu,0,11,46408
3.12.2024 12:47:04,Kırmızı,Durdu,0,11,46408
3.12.2024 12:47:04,Kırmızı,Durdu,0,11,46408
3.12.2024 12:47:04,Kırmızı,Durdu,0,11,46408
3.12.2024 12:47:04,Kırmızı,Durdu,0,11,46408
3.12.2024 12:47:04,Kırmızı,Durdu,0,11,46408
3.12.2024 12:47:04,Kırmızı,Durdu,0,11,46408
3.12.2024 12:47:04,Kırmızı,Durdu,0,11,46408
3.12.2024 12:47:04,Kırmızı,Durdu,0,11,46408
3.12.2024 12:47:04,Kırmızı,Durdu,0,11,46408
3.12.2024 12:47:04,Kırmızı,Durdu,0,11,46408
3.12.2024 12:47:04,Kırmızı,Durdu,0,11,46408
3.12.2024 12:47:04,Kırmızı,Durdu,0,11,46408
3.12.2024 12:47:04,Kırmızı,Durdu,0,11,46408
3.12.2024 12:47:04,Kırmızı,Durdu,0,11,46408
3.12.2024 12:47:04,Kırmızı,Durdu,0,11,46408
3.12.2024 12:47:04,Kırmızı,Durdu,0,11,46408
3.12.2024 12:47:04,Kırmızı,Durdu,0,11,46408
3.12.2024 12:47:04,Kırmızı,Durdu,0,11,46408
3.12.2024 12:47:04,Kırmızı,Durdu,0,11,46408
3.12.2024 12:47:05,Kırmızı,Durdu,0,11,46408
3.12.2024 12:47:05,Kırmızı,Durdu,0,11,46408
3.12.2024 12:47:05,Kırmızı,Durdu,0,11,46408
3.12.2024 12:47:05,Kırmızı,Durdu,0,11,46408
3.12.2024 12:47:05,Kırmızı,Durdu,0,11,46408
3.12.2024 12:47:05,Kırmızı,Durdu,0,11,46408
3.12.2024 12:47:05,Kırmızı,Durdu,0,11,46408
3.12.2024 12:47:05,Kırmızı,Durdu,0,11,46408
3.12.2024 12:47:05,Kırmızı,Durdu,0,11,46408
3.12.2024 12:47:05,Kırmızı,Durdu,0,11,46408
3.12.2024 12:47:05,Kırmızı,Durdu,0,11,46408
3.12.2024 12:47:05,Kırmızı,Durdu,0,11,46408
3.12.2024 12:47:05,Kırmızı,Durdu,0,11,46408
3.12.2024 12:47:05,Kırmızı,Durdu,0,11,46408
3.12.2024 12:47:05,Kırmızı,Durdu,0,11,46408
3.12.2024 12:47:05,Kırmızı,Durdu,0,11,46408
3.12.2024 12:47:05,Kırmızı,Durdu,0,11,46408
3.12.2024 12:47:05,Kırmızı,Durdu,0,11,46408
3.12.2024 12:47:05,Kırmızı,Durdu,0,11,46408
3.12.2024 12:47:05,Kırmızı,Durdu,0,11,46408
3.12.2024 12:47:05,Kırmızı,Durdu,0,11,46408
3.12.2024 12:47:05,Kırmızı,Durdu,0,11,46408
3.12.2024 12:47:05,Kırmızı,Durdu,0,11,46408
3.12.2024 12:47:05,Kırmızı,Durdu,0,11,46408
3.12.2024 12:47:05,Kırmızı,Durdu,0,11,46408
3.12.2024 12:47:05,Kırmızı,Durdu,0,11,46408
3.12.2024 12:47:05,Kırmızı,Durdu,0,11,46408
3.12.2024 12:47:05,Kırmızı,Durdu,0,11,46408
3.12.2024 12:47:05,Kırmızı,Durdu,0,11,46408
3.12.2024 12:47:05,Kırmızı,Durdu,0,11,46408
3.12.2024 12:47:05,Kırmızı,Durdu,0,11,46408
3.12.2024 12:47:05,Kırmızı,Durdu,0,11,46408
3.12.2024 12:47:05,Kırmızı,Durdu,0,11,46408
3.12.2024 12:47:05,Kırmızı,Durdu,0,11,46408
3.12.2024 12:47:05,Kırmızı,Durdu,0,11,46408
3.12.2024 12:47:05,Kırmızı,Durdu,0,11,46408
3.12.2024 12:47:05,Kırmızı,Durdu,0,11,46408
3.12.2024 12:47:05,Kırmızı,Durdu,0,11,46408
3.12.2024 12:47:05,Kırmızı,Durdu,0,11,46408
3.12.2024 12:47:05,Kırmızı,Durdu,0,11,46408
3.12.2024 12:47:05,Kırmızı,Durdu,0,11,46408
3.12.2024 12:47:05,Kırmızı,Durdu,0,11,46408
3.12.2024 12:47:05,Kırmızı,Durdu,0,11,46408
3.12.2024 12:47:05,Kırmızı,Durdu,0,11,46408
3.12.2024 12:47:05,Kırmızı,Durdu,0,11,46408
3.12.2024 12:47:05,Kırmızı,Durdu,0,11,46408
3.12.2024 12:47:05,Kırmızı,Durdu,0,11,46408
3.12.2024 12:47:05,Kırmızı,Durdu,0,11,46408
3.12.2024 12:47:05,Kırmızı,Durdu,0,11,46408
3.12.2024 12:47:05,Kırmızı,Durdu,0,11,46408
3.12.2024 12:47:05,Kırmızı,Durdu,0,11,46408
3.12.2024 12:47:05,Kırmızı,Durdu,0,11,46408
3.12.2024 12:47:05,Kırmızı,Durdu,0,11,46408
3.12.2024 12:47:05,Kırmızı,Durdu,0,11,46408
3.12.2024 12:47:05,Kırmızı,Durdu,0,11,46408
3.12.2024 12:47:05,Kırmızı,Durdu,0,11,46408
3.12.2024 12:47:05,Kırmızı,Durdu,0,11,46408
3.12.2024 12:47:05,Kırmızı,Durdu,0,11,46408
3.12.2024 12:47:05,Kırmızı,Durdu,0,11,46408
3.12.2024 12:47:05,Kırmızı,Durdu,0,11,46408
3.12.2024 12:47:05,Kırmızı,Durdu,0,11,46408
3.12.2024 12:47:05,Kırmızı,Durdu,0,11,46408
3.12.2024 12:47:05,Kırmızı,Durdu,0,11,46408
3.12.2024 12:47:05,Kırmızı,Durdu,0,11,46408
3.12.2024 12:47:05,Kırmızı,Durdu,0,11,46408
3.12.2024 12:47:05,Kırmızı,Durdu,0,11,46408
3.12.2024 12:47:05,Kırmızı,Durdu,0,11,46408
3.12.2024 12:47:05,Kırmızı,Durdu,0,11,46408
3.12.2024 12:47:05,Kırmızı,Durdu,0,11,46408
3.12.2024 12:47:05,Kırmızı,Durdu,0,11,46408
3.12.2024 12:47:05,Kırmızı,Durdu,0,11,46408
3.12.2024 12:47:05,Kırmızı,Durdu,0,11,46408
3.12.2024 12:47:05,Kırmızı,Durdu,0,11,46408
3.12.2024 12:47:05,Kırmızı,Durdu,0,11,46408
3.12.2024 12:47:05,Kırmızı,Durdu,0,11,46408
3.12.2024 12:47:05,Kırmızı,Durdu,0,11,46408
3.12.2024 12:47:05,Kırmızı,Durdu,0,11,46408
3.12.2024 12:47:05,Kırmızı,Durdu,0,11,46408
3.12.2024 12:47:05,Kırmızı,Durdu,0,11,46408
3.12.2024 12:47:05,Kırmızı,Durdu,0,11,46408
3.12.2024 12:47:05,Kırmızı,Durdu,0,11,46408
3.12.2024 12:47:05,Kırmızı,Durdu,0,11,46408
3.12.2024 12:47:05,Kırmızı,Durdu,0,11,46408
3.12.2024 12:47:05,Kırmızı,Durdu,0,11,46408
3.12.2024 12:47:05,Kırmızı,Durdu,0,11,46408
3.12.2024 12:47:05,Kırmızı,Durdu,0,11,46408
3.12.2024 12:47:05,Kırmızı,Durdu,0,11,46408
3.12.2024 12:47:05,Kırmızı,Durdu,0,11,46408
3.12.2024 12:47:06,Kırmızı,Durdu,0,11,46408
3.12.2024 12:47:06,Kırmızı,Durdu,0,11,46408
3.12.2024 12:47:06,Kırmızı,Durdu,0,11,46408
3.12.2024 12:47:06,Kırmızı,Durdu,0,11,46408
3.12.2024 12:47:06,Kırmızı,Durdu,0,11,46408
3.12.2024 12:47:06,Kırmızı,Durdu,0,11,46408
3.12.2024 12:47:06,Kırmızı,Durdu,0,11,46408
3.12.2024 12:47:06,Kırmızı,Durdu,0,11,46408
3.12.2024 12:47:06,Kırmızı,Durdu,0,11,46408
3.12.2024 12:47:06,Kırmızı,Durdu,0,11,46408
3.12.2024 12:47:06,Kırmızı,Durdu,0,11,46408
3.12.2024 12:47:06,Kırmızı,Durdu,0,11,46408
3.12.2024 12:47:06,Kırmızı,Durdu,0,11,46408
3.12.2024 12:47:06,Kırmızı,Durdu,0,11,46408
3.12.2024 12:47:06,Kırmızı,Durdu,0,11,46408
3.12.2024 12:47:06,Kırmızı,Durdu,0,11,46408
3.12.2024 12:47:06,Kırmızı,Durdu,0,11,46408
3.12.2024 12:47:06,Kırmızı,Durdu,0,11,46408
3.12.2024 12:47:06,Kırmızı,Durdu,0,11,46408
3.12.2024 12:47:06,Kırmızı,Durdu,0,11,46408
3.12.2024 12:47:06,Kırmızı,Durdu,0,11,46408
3.12.2024 12:47:06,Kırmızı,Durdu,0,11,46408
3.12.2024 12:47:06,Kırmızı,Durdu,0,11,46408
3.12.2024 12:47:06,Kırmızı,Durdu,0,11,46408
3.12.2024 12:47:06,Kırmızı,Durdu,0,11,46408
3.12.2024 12:47:06,Kırmızı,Durdu,0,11,46408
3.12.2024 12:47:06,Kırmızı,Durdu,0,11,46408
3.12.2024 12:47:06,Kırmızı,Durdu,0,11,46408
3.12.2024 12:47:06,Kırmızı,Durdu,0,11,46408
3.12.2024 12:47:06,Kırmızı,Durdu,0,11,46408
3.12.2024 12:47:06,Kırmızı,Durdu,0,11,46408
3.12.2024 12:47:06,Kırmızı,Durdu,0,11,46408
3.12.2024 12:47:06,Kırmızı,Durdu,0,11,46408
3.12.2024 12:47:06,Kırmızı,Durdu,0,11,46408
3.12.2024 12:47:06,Kırmızı,Durdu,0,11,46408
3.12.2024 12:47:06,Kırmızı,Durdu,0,11,46408
3.12.2024 12:47:06,Kırmızı,Durdu,0,11,46408
3.12.2024 12:47:06,Kırmızı,Durdu,0,11,46408
3.12.2024 12:47:06,Kırmızı,Durdu,0,11,46408
3.12.2024 12:47:06,Kırmızı,Durdu,0,11,46408
3.12.2024 12:47:06,Kırmızı,Durdu,0,11,46408
3.12.2024 12:47:06,Kırmızı,Durdu,0,11,46408
3.12.2024 12:47:06,Kırmızı,Durdu,0,11,46408
3.12.2024 12:47:06,Kırmızı,Durdu,0,11,46408
3.12.2024 12:47:06,Kırmızı,Durdu,0,11,46408
3.12.2024 12:47:06,Kırmızı,Durdu,0,11,46408
3.12.2024 12:47:06,Kırmızı,Durdu,0,11,46408
3.12.2024 12:47:06,Kırmızı,Durdu,0,11,46408
3.12.2024 12:47:06,Kırmızı,Durdu,0,11,46408
3.12.2024 12:47:06,Kırmızı,Durdu,0,11,46408
3.12.2024 12:47:06,Kırmızı,Durdu,0,11,46408
3.12.2024 12:47:06,Kırmızı,Durdu,0,11,46408
3.12.2024 12:47:06,Kırmızı,Durdu,0,11,46408
3.12.2024 12:47:06,Kırmızı,Durdu,0,11,46408
3.12.2024 12:47:06,Kırmızı,Durdu,0,11,46408
3.12.2024 12:47:06,Kırmızı,Durdu,0,11,46408
3.12.2024 12:47:06,Kırmızı,Durdu,0,11,46408
3.12.2024 12:47:06,Kırmızı,Durdu,0,11,46408
3.12.2024 12:47:06,Kırmızı,Durdu,0,11,46408
3.12.2024 12:47:06,Kırmızı,Durdu,0,11,46408
3.12.2024 12:47:06,Kırmızı,Durdu,0,11,46408
3.12.2024 12:47:06,Kırmızı,Durdu,0,11,46408
3.12.2024 12:47:06,Kırmızı,Durdu,0,11,46408
3.12.2024 12:47:06,Kırmızı,Durdu,0,11,46408
3.12.2024 12:47:06,Kırmızı,Durdu,0,11,46408
3.12.2024 12:47:06,Kırmızı,Durdu,0,11,46408
3.12.2024 12:47:06,Kırmızı,Durdu,0,11,46408
3.12.2024 12:47:06,Kırmızı,Durdu,0,11,46408
3.12.2024 12:47:06,Kırmızı,Durdu,0,11,46408
3.12.2024 12:47:06,Kırmızı,Durdu,0,11,46408
3.12.2024 12:47:06,Kırmızı,Durdu,0,11,46408
3.12.2024 12:47:06,Kırmızı,Durdu,0,11,46408
3.12.2024 12:47:06,Kırmızı,Durdu,0,11,46408
3.12.2024 12:47:06,Kırmızı,Durdu,0,11,46408
3.12.2024 12:47:06,Kırmızı,Durdu,0,11,46408
3.12.2024 12:47:06,Kırmızı,Durdu,0,11,46408
3.12.2024 12:47:06,Kırmızı,Durdu,0,11,46408
3.12.2024 12:47:06,Kırmızı,Durdu,0,11,46408
3.12.2024 12:47:06,Kırmızı,Durdu,0,11,46408
3.12.2024 12:47:06,Kırmızı,Durdu,0,11,46408
3.12.2024 12:47:06,Kırmızı,Durdu,0,11,46408
3.12.2024 12:47:06,Kırmızı,Durdu,0,11,46408
3.12.2024 12:47:06,Kırmızı,Durdu,0,11,46408
3.12.2024 12:47:06,Kırmızı,Durdu,0,11,46408
3.12.2024 12:47:06,Kırmızı,Durdu,0,11,46408
3.12.2024 12:47:06,Kırmızı,Durdu,0,11,46408
3.12.2024 12:47:06,Kırmızı,Durdu,0,11,46408
3.12.2024 12:47:06,Kırmızı,Durdu,0,11,46408
3.12.2024 12:47:06,Kırmızı,Durdu,0,11,46408
3.12.2024 12:47:06,Kırmızı,Durdu,0,11,46408
3.12.2024 12:47:06,Kırmızı,Durdu,0,11,46408
3.12.2024 12:47:06,Kırmızı,Durdu,0,11,46408
3.12.2024 12:47:06,Kırmızı,Durdu,0,11,46408
3.12.2024 12:47:06,Kırmızı,Durdu,0,11,46408
3.12.2024 12:47:06,Kırmızı,Durdu,0,11,46408
3.12.2024 12:47:06,Kırmızı,Durdu,0,11,46408
3.12.2024 12:47:07,Kırmızı,Durdu,0,11,46408
3.12.2024 12:47:07,Kırmızı,Durdu,0,11,46408
3.12.2024 12:47:07,Kırmızı,Durdu,0,11,46408
3.12.2024 12:47:07,Kırmızı,Durdu,0,11,46408
3.12.2024 12:47:07,Kırmızı,Durdu,0,11,46408
3.12.2024 12:47:07,Kırmızı,Durdu,0,11,46408
3.12.2024 12:47:07,Kırmızı,Durdu,0,11,46408
3.12.2024 12:47:07,Kırmızı,Durdu,0,11,46408
3.12.2024 12:47:07,Kırmızı,Durdu,0,11,46408
3.12.2024 12:47:07,Kırmızı,Durdu,0,11,46408
3.12.2024 12:47:07,Kırmızı,Durdu,0,11,46408
3.12.2024 12:47:07,Kırmızı,Durdu,0,11,46408
3.12.2024 12:47:07,Kırmızı,Durdu,0,11,46408
3.12.2024 12:47:07,Kırmızı,Durdu,0,11,46408
3.12.2024 12:47:07,Kırmızı,Durdu,0,11,46408
3.12.2024 12:47:07,Kırmızı,Durdu,0,11,46408
3.12.2024 12:47:07,Kırmızı,Durdu,0,11,46408
3.12.2024 12:47:07,Kırmızı,Durdu,0,11,46408
3.12.2024 12:47:07,Kırmızı,Durdu,0,11,46408
3.12.2024 12:47:07,Kırmızı,Durdu,0,11,46408
3.12.2024 12:47:07,Kırmızı,Durdu,0,11,46408
3.12.2024 12:47:07,Kırmızı,Durdu,0,11,46408
3.12.2024 12:47:07,Kırmızı,Durdu,0,11,46408
3.12.2024 12:47:07,Kırmızı,Durdu,0,11,46408
3.12.2024 12:47:07,Kırmızı,Durdu,0,11,46408
3.12.2024 12:47:07,Kırmızı,Durdu,0,11,46408
3.12.2024 12:47:07,Kırmızı,Durdu,0,11,46408
3.12.2024 12:47:07,Kırmızı,Durdu,0,11,46408
3.12.2024 12:47:07,Kırmızı,Durdu,0,11,46408
3.12.2024 12:47:07,Kırmızı,Durdu,0,11,46408
3.12.2024 12:47:07,Kırmızı,Durdu,0,11,46408
3.12.2024 12:47:07,Kırmızı,Durdu,0,11,46408
3.12.2024 12:47:07,Kırmızı,Durdu,0,11,46408
3.12.2024 12:47:07,Kırmızı,Durdu,0,11,46408
3.12.2024 12:47:07,Kırmızı,Durdu,0,11,46408
3.12.2024 12:47:07,Kırmızı,Durdu,0,11,46408
3.12.2024 12:47:07,Kırmızı,Durdu,0,11,46408
3.12.2024 12:47:07,Kırmızı,Durdu,0,11,46408
3.12.2024 12:47:07,Kırmızı,Durdu,0,11,46408
3.12.2024 12:47:07,Kırmızı,Durdu,0,11,46408
3.12.2024 12:47:07,Kırmızı,Durdu,0,11,46408
3.12.2024 12:47:07,Kırmızı,Durdu,0,11,46408
3.12.2024 12:47:07,Kırmızı,Durdu,0,11,46408
3.12.2024 12:47:07,Kırmızı,Durdu,0,11,46408
3.12.2024 12:47:07,Kırmızı,Durdu,0,11,46408
3.12.2024 12:47:07,Kırmızı,Durdu,0,11,46408
3.12.2024 12:47:07,Kırmızı,Durdu,0,11,46408
3.12.2024 12:47:07,Kırmızı,Durdu,0,11,46408
3.12.2024 12:47:07,Kırmızı,Durdu,0,11,46408
3.12.2024 12:47:07,Kırmızı,Durdu,0,11,46408
3.12.2024 12:47:07,Kırmızı,Durdu,0,11,46408
3.12.2024 12:47:07,Kırmızı,Durdu,0,11,46408
3.12.2024 12:47:07,Kırmızı,Durdu,0,11,46408
3.12.2024 12:47:07,Kırmızı,Durdu,0,11,46408
3.12.2024 12:47:07,Kırmızı,Durdu,0,11,46408
3.12.2024 12:47:07,Kırmızı,Durdu,0,11,46408
3.12.2024 12:47:07,Kırmızı,Durdu,0,11,46408
3.12.2024 12:47:07,Kırmızı,Durdu,0,11,46408
3.12.2024 12:47:07,Kırmızı,Durdu,0,11,46408
3.12.2024 12:47:07,Kırmızı,Durdu,0,11,46408
3.12.2024 12:47:07,Kırmızı,Durdu,0,11,46408
3.12.2024 12:47:07,Kırmızı,Durdu,0,11,46408
3.12.2024 12:47:07,Kırmızı,Durdu,0,11,46408
3.12.2024 12:47:07,Kırmızı,Durdu,0,11,46408
3.12.2024 12:47:07,Kırmızı,Durdu,0,11,46408
3.12.2024 12:47:07,Kırmızı,Durdu,0,11,46408
3.12.2024 12:47:07,Kırmızı,Durdu,0,11,46408
3.12.2024 12:47:07,Kırmızı,Durdu,0,11,46408
3.12.2024 12:47:07,Kırmızı,Durdu,0,11,46408
3.12.2024 12:47:07,Kırmızı,Durdu,0,11,46408
3.12.2024 12:47:07,Kırmızı,Durdu,0,11,46408
3.12.2024 12:47:07,Kırmızı,Durdu,0,11,46408
3.12.2024 12:47:07,Kırmızı,Durdu,0,11,46408
3.12.2024 12:47:07,Kırmızı,Durdu,0,11,46408
3.12.2024 12:47:07,Kırmızı,Durdu,0,11,46408
3.12.2024 12:47:07,Kırmızı,Durdu,0,11,46408
3.12.2024 12:47:07,Kırmızı,Durdu,0,11,46408
3.12.2024 12:47:07,Kırmızı,Durdu,0,11,46408
3.12.2024 12:47:07,Kırmızı,Durdu,0,11,46408
3.12.2024 12:47:07,Kırmızı,Durdu,0,11,46408
3.12.2024 12:47:07,Kırmızı,Durdu,0,11,46408
3.12.2024 12:47:07,Kırmızı,Durdu,0,11,46408
3.12.2024 12:47:07,Kırmızı,Durdu,0,11,46408
3.12.2024 12:47:07,Kırmızı,Durdu,0,11,46408
3.12.2024 12:47:07,Kırmızı,Durdu,0,11,46408
3.12.2024 12:47:07,Kırmızı,Durdu,0,11,46408
3.12.2024 12:47:07,Kırmızı,Durdu,0,11,46408
3.12.2024 12:47:07,Kırmızı,Durdu,0,11,46408
3.12.2024 12:47:07,Kırmızı,Durdu,0,11,46408
3.12.2024 12:47:07,Kırmızı,Durdu,0,11,46408
3.12.2024 12:47:07,Kırmızı,Durdu,0,11,46408
3.12.2024 12:47:07,Kırmızı,Durdu,0,11,46408
3.12.2024 12:47:07,Kırmızı,Durdu,0,11,46408
3.12.2024 12:47:07,Kırmızı,Durdu,0,11,46408
3.12.2024 12:47:07,Kırmızı,Durdu,0,11,46408
3.12.2024 12:47:07,Kırmızı,Durdu,0,11,46408
3.12.2024 12:47:07,Kırmızı,Durdu,0,11,46408
3.12.2024 12:47:07,Kırmızı,Durdu,0,11,46408
3.12.2024 12:47:08,Kırmızı,Durdu,0,11,46408
3.12.2024 12:47:08,Kırmızı,Durdu,0,11,46408
3.12.2024 12:47:08,Kırmızı,Durdu,0,11,46408
3.12.2024 12:47:08,Kırmızı,Durdu,0,11,46408
3.12.2024 12:47:08,Kırmızı,Durdu,0,11,46408
3.12.2024 12:47:08,Kırmızı,Durdu,0,11,46408
3.12.2024 12:47:08,Kırmızı,Durdu,0,11,46408
3.12.2024 12:47:08,Kırmızı,Durdu,0,11,46408
3.12.2024 12:47:08,Kırmızı,Durdu,0,11,46408
3.12.2024 12:47:08,Kırmızı,Durdu,0,11,46408
3.12.2024 12:47:08,Kırmızı,Durdu,0,11,46408
3.12.2024 12:47:08,Kırmızı,Durdu,0,11,46408
3.12.2024 12:47:08,Kırmızı,Durdu,0,11,46408
3.12.2024 12:47:08,Kırmızı,Durdu,0,11,46408
3.12.2024 12:47:08,Kırmızı,Durdu,0,11,46408
3.12.2024 12:47:08,Kırmızı,Durdu,0,11,46408
3.12.2024 12:47:08,Kırmızı,Durdu,0,11,46408
3.12.2024 12:47:08,Kırmızı,Durdu,0,11,46408
3.12.2024 12:47:08,Kırmızı,Durdu,0,11,46408
3.12.2024 12:47:08,Kırmızı,Durdu,0,11,46408
3.12.2024 12:47:08,Kırmızı,Durdu,0,11,46408
3.12.2024 12:47:08,Kırmızı,Durdu,0,11,46408
3.12.2024 12:47:08,Kırmızı,Durdu,0,11,46408
3.12.2024 12:47:08,Kırmızı,Durdu,0,11,46408
3.12.2024 12:47:08,Kırmızı,Durdu,0,11,46408
3.12.2024 12:47:08,Kırmızı,Durdu,0,11,46408
3.12.2024 12:47:08,Kırmızı,Durdu,0,11,46408
3.12.2024 12:47:08,Kırmızı,Durdu,0,11,46408
3.12.2024 12:47:08,Kırmızı,Durdu,0,11,46408
3.12.2024 12:47:08,Kırmızı,Durdu,0,11,46408
3.12.2024 12:47:08,Kırmızı,Durdu,0,11,46408
3.12.2024 12:47:08,Kırmızı,Durdu,0,11,46408
3.12.2024 12:47:08,Kırmızı,Durdu,0,11,46408
3.12.2024 12:47:08,Kırmızı,Durdu,0,11,46408
3.12.2024 12:47:08,Kırmızı,Durdu,0,11,46408
3.12.2024 12:47:08,Kırmızı,Durdu,0,11,46408
3.12.2024 12:47:08,Kırmızı,Durdu,0,11,46408
3.12.2024 12:47:08,Kırmızı,Durdu,0,11,46408
3.12.2024 12:47:08,Kırmızı,Durdu,0,11,46408
3.12.2024 12:47:08,Kırmızı,Durdu,0,11,46408
3.12.2024 12:47:08,Kırmızı,Durdu,0,11,46408
3.12.2024 12:47:08,Kırmızı,Durdu,0,11,46408
3.12.2024 12:47:08,Kırmızı,Durdu,0,11,46408
3.12.2024 12:47:08,Kırmızı,Durdu,0,11,46408
3.12.2024 12:47:08,Kırmızı,Durdu,0,11,46408
3.12.2024 12:47:08,Kırmızı,Durdu,0,11,46408
3.12.2024 12:47:08,Kırmızı,Durdu,0,11,46408
3.12.2024 12:47:08,Kırmızı,Durdu,0,11,46408
3.12.2024 12:47:08,Kırmızı,Durdu,0,11,46408
3.12.2024 12:47:08,Kırmızı,Durdu,0,11,46408
3.12.2024 12:47:08,Kırmızı,Durdu,0,11,46408
3.12.2024 12:47:08,Kırmızı,Durdu,0,11,46408
3.12.2024 12:47:08,Kırmızı,Durdu,0,11,46408
3.12.2024 12:47:08,Kırmızı,Durdu,0,11,46408
3.12.2024 12:47:08,Kırmızı,Durdu,0,11,46408
3.12.2024 12:47:08,Kırmızı,Durdu,0,11,46408
3.12.2024 12:47:08,Kırmızı,Durdu,0,11,46408
3.12.2024 12:47:08,Kırmızı,Durdu,0,11,46408
3.12.2024 12:47:08,Kırmızı,Durdu,0,11,46408
3.12.2024 12:47:08,Kırmızı,Durdu,0,11,46408
3.12.2024 12:47:08,Kırmızı,Durdu,0,11,46408
3.12.2024 12:47:08,Kırmızı,Durdu,0,11,46408
3.12.2024 12:47:08,Kırmızı,Durdu,0,11,46408
3.12.2024 12:47:08,Kırmızı,Durdu,0,11,46408
3.12.2024 12:47:08,Kırmızı,Durdu,0,11,46408
3.12.2024 12:47:08,Kırmızı,Durdu,0,11,46408
3.12.2024 12:47:08,Kırmızı,Durdu,0,11,46408
3.12.2024 12:47:08,Kırmızı,Durdu,0,11,46408
3.12.2024 12:47:08,Kırmızı,Durdu,0,11,46408
3.12.2024 12:47:08,Kırmızı,Durdu,0,11,46408
3.12.2024 12:47:08,Kırmızı,Durdu,0,11,46408
3.12.2024 12:47:08,Kırmızı,Durdu,0,11,46408
3.12.2024 12:47:08,Kırmızı,Durdu,0,11,46408
3.12.2024 12:47:08,Kırmızı,Durdu,0,11,46408
3.12.2024 12:47:08,Kırmızı,Durdu,0,11,46408
3.12.2024 12:47:08,Kırmızı,Durdu,0,11,46408
3.12.2024 12:47:08,Kırmızı,Durdu,0,11,46408
3.12.2024 12:47:08,Kırmızı,Durdu,0,11,46408
3.12.2024 12:47:08,Kırmızı,Durdu,0,11,46408
3.12.2024 12:47:08,Kırmızı,Durdu,0,11,46408
3.12.2024 12:47:08,Kırmızı,Durdu,0,11,46408
3.12.2024 12:47:08,Kırmızı,Durdu,0,11,46408
3.12.2024 12:47:08,Kırmızı,Durdu,0,11,46408
3.12.2024 12:47:08,Kırmızı,Durdu,0,11,46408
3.12.2024 12:47:08,Kırmızı,Durdu,0,11,46408
3.12.2024 12:47:08,Kırmızı,Durdu,0,11,46408
3.12.2024 12:47:08,Kırmızı,Durdu,0,11,46408
3.12.2024 12:47:08,Kırmızı,Durdu,0,11,46408
3.12.2024 12:47:08,Kırmızı,Durdu,0,11,46408
3.12.2024 12:47:08,Kırmızı,Durdu,0,11,46408
3.12.2024 12:47:08,Kırmızı,Durdu,0,11,46408
3.12.2024 12:47:08,Kırmızı,Durdu,0,11,46408
3.12.2024 12:47:08,Kırmızı,Durdu,0,11,46408
3.12.2024 12:47:08,Kırmızı,Durdu,0,11,46408
3.12.2024 12:47:08,Kırmızı,Durdu,0,11,46408
3.12.2024 12:47:08,Kırmızı,Durdu,0,11,46408
3.12.2024 12:47:08,Kırmızı,Durdu,0,11,46408
3.12.2024 12:47:09,Kırmızı,Durdu,0,11,46408
3.12.2024 12:47:09,Kırmızı,Durdu,0,11,46408
3.12.2024 12:47:09,Kırmızı,Durdu,0,11,46408
3.12.2024 12:47:09,Kırmızı,Durdu,0,11,46408
3.12.2024 12:47:09,Kırmızı,Durdu,0,11,46408
3.12.2024 12:47:09,Kırmızı,Durdu,0,11,46408
3.12.2024 12:47:09,Kırmızı,Durdu,0,11,46408
3.12.2024 12:47:09,Kırmızı,Durdu,0,11,46408
3.12.2024 12:47:09,Kırmızı,Durdu,0,11,46408
3.12.2024 12:47:09,Kırmızı,Durdu,0,11,46408
3.12.2024 12:47:09,Kırmızı,Durdu,0,11,46408
3.12.2024 12:47:09,Kırmızı,Durdu,0,11,46408
3.12.2024 12:47:09,Kırmızı,Durdu,0,11,46408
3.12.2024 12:47:09,Kırmızı,Durdu,0,11,46408
3.12.2024 12:47:09,Kırmızı,Durdu,0,11,46408
3.12.2024 12:47:09,Kırmızı,Durdu,0,11,46408
3.12.2024 12:47:09,Kırmızı,Durdu,0,11,46408
3.12.2024 12:47:09,Kırmızı,Durdu,0,11,46408
3.12.2024 12:47:09,Kırmızı,Durdu,0,11,46408
3.12.2024 12:47:09,Kırmızı,Durdu,0,11,46408
3.12.2024 12:47:09,Kırmızı,Durdu,0,11,46408
3.12.2024 12:47:09,Kırmızı,Durdu,0,11,46408
3.12.2024 12:47:09,Kırmızı,Durdu,0,11,46408
3.12.2024 12:47:09,Kırmızı,Durdu,0,11,46408
3.12.2024 12:47:09,Kırmızı,Durdu,0,11,46408
3.12.2024 12:47:09,Kırmızı,Durdu,0,11,46408
3.12.2024 12:47:17,Kırmızı,Durdu,10,10,08628
3.12.2024 12:47:17,Kırmızı,Durdu,9,914909,8,815418
3.12.2024 12:47:17,Kırmızı,Durdu,9,84206,7,911043
3.12.2024 12:47:17,Kırmızı,Durdu,9,75025,6,951619
3.12.2024 12:47:17,Kırmızı,Durdu,9,664187,6,194552
3.12.2024 12:47:17,Kırmızı,Durdu,9,582643,5,576272
3.12.2024 12:47:17,Kırmızı,Durdu,9,493164,4,98598
3.12.2024 12:47:17,Kırmızı,Durdu,9,405477,4,763548
3.12.2024 12:47:17,Kırmızı,Durdu,9,300774,4,801809
3.12.2024 12:47:17,Kırmızı,Durdu,9,20482,4,83922
